,HC_ID,GEOID,dist,trvl_time
643239,H632,48043950400,0,1.094193116051281
643240,H632,48043950300,0,1.613026644153972
643250,H632,48371950500,0,65.79935825881526
