,HC_ID,GEOID,dist,trvl_time
643282,H633,48243950100,0,74.33789036399571
643291,H633,48141010504,0,72.38061947158428
643314,H633,48109950300,0,54.76688756943485
