,HC_ID,GEOID,dist,trvl_time
340103,H277,48383950100,0,18.830263103946283
340117,H277,48105950100,0,64.5608544992311
340195,H277,48461950100,0,42.33675403893229
